{
  "suit.skull.johnny.off": {
    "sounds": [
      "suit/skull_johnny_off"
    ],
    "category": "player"
  },
  "suit.skull.johnny.on": {
    "sounds": [
      "suit/skull_johnny_on"
    ],
    "category": "player"
  },
  "suit.skull.reyes.off": {
    "sounds": [
      "suit/skull_reyes_off"
    ],
    "category": "player"
  },
  "suit.skull.reyes.on": {
    "sounds": [
      "suit/skull_reyes_on"
    ],
    "category": "player"
  },
  "suit.skull.reyes.rage": {
    "sounds": [
      "suit/skull_reyes_rage"
    ],
    "category": "player"
  },
  "modifier.chargedbeam": {
    "sounds": [
      "suit/penance_stare_johnny"
    ],
    "category": "player"	
  },
  "modifier.chargedbeam2": {
    "sounds": [
      "suit/penance_stare_reyes"
    ],
    "category": "player"	
  },
  "modifier.blade.enable": {
    "sounds": [
      "suit/blade/enable"
    ],
    "category": "player"
  },
  "modifier.blade.disable": {
    "sounds": [
      "suit/blade/disable"
    ],
    "category": "player"
  }
}